FID,IID,SOL,C1,C2,C3,C4
CEU,1,0,0.048232,-0.087848,-0.0164167,-0.00490504
CEU,2,0,0.0486188,-0.0891833,-0.0172351,-0.00811642
CEU,3,0,0.0469761,-0.0896203,-0.0173428,-0.00464457
CEU,4,0,0.0450717,-0.0888715,-0.014313,-0.00458898
CEU,7,0,0.0471308,-0.0883251,-0.018095,-0.0064438
CEU,9,0,0.0451641,-0.0890299,-0.0192993,-0.00528819
CEU,10,0,0.046926,-0.0907369,-0.0159847,-0.00781843
CEU,11,0,0.0454087,-0.0899283,-0.0197691,-0.00374226
CEU,14,0,0.0472124,-0.0901687,-0.016647,-0.00580777
CEU,15,0,0.0476756,-0.090391,-0.0176704,-0.00521542
CEU,17,0,0.0480194,-0.0919554,-0.0174368,-0.00471169
CEU,18,0,0.0463422,-0.0898522,-0.015235,-0.00690498
CEU,20,0,0.0445481,-0.089644,-0.017202,-0.00318682
CEU,21,0,0.0457106,-0.0913058,-0.0158214,-0.00620856
CEU,23,0,0.043852,-0.0901721,-0.0152025,-0.00536872
CEU,24,0,0.0467543,-0.0902943,-0.0160606,-0.00620189
CEU,25,0,0.0459506,-0.0895796,-0.0143561,-0.00467826
CEU,26,0,0.0480125,-0.0880539,-0.0167759,-0.00571126
CEU,28,0,0.0471361,-0.0877682,-0.0167861,-0.00556284
CEU,32,0,0.0462938,-0.0881883,-0.0133737,-0.00586425
CEU,33,0,0.0460706,-0.0883949,-0.0165813,-0.00613645
CEU,34,0,0.0460022,-0.0896231,-0.0192156,-0.00366004
CEU,35,0,0.047479,-0.0911552,-0.0187565,-0.00666191
CEU,36,0,0.0457926,-0.0882462,-0.0183241,-0.00556679
CEU,37,0,0.0454536,-0.0884644,-0.0169087,-0.00531379
CEU,38,0,0.0462945,-0.0898903,-0.0172263,-0.0038454
CEU,39,0,0.0467807,-0.0892978,-0.0171215,-0.00404943
CEU,40,0,0.0469093,-0.0915611,-0.021633,-0.00735346
CEU,41,0,0.0467245,-0.0897102,-0.0173485,-0.00673792
CEU,44,0,0.0469235,-0.0905854,-0.0167063,-0.00659714
CEU,46,0,0.0459005,-0.0892165,-0.0168086,-0.00362106
CEU,48,0,0.0474606,-0.091209,-0.0199849,-0.00687837
CEU,50,0,0.0460295,-0.0870883,-0.0158005,-0.00481835
CEU,51,0,0.0470318,-0.0891809,-0.0168966,-0.00767008
CEU,52,0,0.0446871,-0.089401,-0.0169814,-0.00501307
CEU,53,0,0.0450464,-0.0917028,-0.0181247,-0.00498397
CEU,54,0,0.0449646,-0.0905095,-0.0154637,-0.0022743
CEU,55,0,0.0474212,-0.0902837,-0.0163985,-0.00562176
CEU,56,0,0.044593,-0.0903835,-0.0174879,-0.00525294
CEU,57,0,0.0479597,-0.0864632,-0.0137085,-0.00410121
CEU,61,0,0.0484257,-0.0890715,-0.0154172,-0.00648752
CEU,62,0,0.0466055,-0.0886997,-0.017376,-0.00610365
CEU,65,0,0.0481849,-0.0894462,-0.0157166,-0.00638948
CEU,66,0,0.044629,-0.0904022,-0.0136529,-0.00457734
CEU,67,0,0.0470946,-0.0911404,-0.0174128,-0.00695401
CEU,68,0,0.0467181,-0.090675,-0.0153352,-0.00607436
CEU,69,0,0.0462851,-0.0904415,-0.0183687,-0.00478416
CEU,71,0,0.0475973,-0.0922718,-0.017701,-0.00520539
CEU,72,0,0.0464213,-0.0884969,-0.0157906,-0.00471644
CEU,73,0,0.0481607,-0.0908273,-0.0181333,-0.00696977
CEU,74,0,0.0478762,-0.0919763,-0.0151689,-0.00641516
CEU,77,0,0.0447154,-0.0906479,-0.0175045,-0.00429158
CEU,81,0,0.0469485,-0.0902384,-0.0164461,-0.00636365
CEU,82,0,0.049098,-0.0880873,-0.0181823,-0.00380755
CEU,83,0,0.0468235,-0.0893821,-0.0146168,-0.00619503
CEU,84,0,0.046631,-0.0892641,-0.0198453,-0.00584215
CEU,85,0,0.0464055,-0.0887868,-0.015865,-0.00557785
CEU,86,0,0.0460734,-0.0893164,-0.016771,-0.00391205
CEU,87,0,0.0461408,-0.089228,-0.0185258,-0.00751129
CEU,88,0,0.0469048,-0.0894498,-0.0154695,-0.00671011
CEU,89,0,0.0470361,-0.0894703,-0.0171761,-0.00558131
CEU,91,0,0.0479956,-0.0889978,-0.0170929,-0.0078237
CEU,93,0,0.0458075,-0.0877685,-0.0172317,-0.00587288
CEU,95,0,0.0493492,-0.0890335,-0.0176827,-0.00795262
CEU,97,0,0.0465688,-0.088982,-0.0167171,-0.00724313
CEU,98,0,0.0467696,-0.0912865,-0.0189773,-0.00575079
CEU,99,0,0.0443621,-0.091142,-0.0169799,-0.00444279
CEU,100,0,0.0473454,-0.0901376,-0.0167134,-0.00733858
CEU,101,0,0.0464213,-0.0890212,-0.0172622,-0.00645504
CEU,102,0,0.0466562,-0.0914184,-0.0169869,-0.00698742
CEU,103,0,0.0470969,-0.0911399,-0.017404,-0.0055046
CEU,106,0,0.045346,-0.0893721,-0.0174165,-0.00710647
CEU,107,0,0.0449189,-0.0874989,-0.0162006,-0.0050452
CEU,108,0,0.0444067,-0.0878394,-0.0154061,-0.00475998
CEU,109,0,0.0469458,-0.0864753,-0.0158535,-0.00642822
CEU,111,0,0.0452638,-0.090486,-0.0193401,-0.00713425
CEU,112,0,0.0473639,-0.0910304,-0.0180058,-0.00790495
CEU,114,0,0.0460933,-0.0886002,-0.0195282,-0.00386988
CEU,115,0,0.0470909,-0.0910915,-0.0189697,-0.00600729
CEU,117,0,0.0455578,-0.091091,-0.0169418,-0.00536032
CEU,118,0,0.0449339,-0.0906761,-0.0166175,-0.00494805
CEU,120,0,0.0471454,-0.0907586,-0.0180385,-0.00523844
CEU,121,0,0.0456592,-0.089019,-0.0163237,-0.00510806
CEU,122,0,0.0478134,-0.0891724,-0.0188532,-0.00455176
CEU,123,0,0.0460811,-0.0900893,-0.0149192,-0.00254882
CEU,125,0,0.0483639,-0.0893534,-0.0179729,-0.00520966
CEU,126,0,0.0452199,-0.0898397,-0.0168531,-0.00337074
CEU,128,0,0.0484362,-0.0863782,-0.0172874,-0.00361466
CEU,130,0,0.0472012,-0.0893222,-0.0185509,-0.00602493
CEU,133,0,0.0478218,-0.0876717,-0.0151804,-0.00586634
CEU,134,0,0.0450429,-0.0900138,-0.019239,-0.00697284
CEU,135,0,0.0438393,-0.0922485,-0.0184184,-0.00586714
CEU,136,0,0.0462206,-0.0908825,-0.0181715,-0.0074023
CEU,138,0,0.0454328,-0.0913816,-0.0173531,-0.00531533
CEU,140,0,0.0469608,-0.0907374,-0.0173594,-0.00987124
CEU,141,0,0.0466547,-0.0884767,-0.0158588,-0.00531081
CEU,142,0,0.0459922,-0.0891745,-0.012356,-0.00574617
CEU,144,0,0.0448215,-0.0898215,-0.0155951,-0.00402397
CEU,145,0,0.0483359,-0.089262,-0.0164302,-0.00992432
CEU,148,0,0.0480223,-0.0879591,-0.0164903,-0.0059523
CEU,149,0,0.0469407,-0.090941,-0.0156087,-0.00785182
CEU,150,0,0.0450004,-0.0904764,-0.0170238,-0.0060771
CEU,151,0,0.0485299,-0.0889916,-0.0159049,-0.00632274
CEU,153,0,0.049639,-0.0880403,-0.0145974,-0.00781276
CEU,154,0,0.0462467,-0.0895749,-0.0158447,-0.00690388
CEU,155,0,0.0461269,-0.0898504,-0.0179064,-0.00583279
CEU,156,0,0.046605,-0.0889835,-0.016066,-0.00350004
CEU,157,0,0.0477981,-0.0878687,-0.017093,-0.00607303
CEU,158,0,0.0481721,-0.0895083,-0.0155685,-0.00700717
CEU,159,0,0.0461727,-0.0898491,-0.0138681,-0.00519242
CEU,162,0,0.0488868,-0.0905613,-0.0145598,-0.00585259
CEU,163,0,0.0447968,-0.0902631,-0.0137016,-0.00631402
CHB,1,0,0.0933822,0.0692469,-0.00612255,0.000290799
CHB,2,0,0.0934208,0.0690251,-0.00488999,0.00122155
CHB,3,0,0.0943393,0.0708875,-0.0062217,0.00161547
CHB,4,0,0.0927614,0.0699705,-0.00414657,0.000225205
CHB,5,0,0.0955229,0.0706365,-0.00662637,0.00297014
CHB,6,0,0.0935736,0.0710738,-0.00593378,0.00284601
CHB,7,0,0.0942087,0.0698488,-0.006328,0.000222909
CHB,8,0,0.096471,0.0727437,-0.00657859,0.00224293
CHB,9,0,0.0946807,0.069203,-0.00597215,-0.00142969
CHB,10,0,0.0933631,0.0692853,-0.00740396,0.0012833
CHB,11,0,0.0935954,0.0685497,-0.00751539,0.00284038
CHB,12,0,0.0940599,0.0694975,-0.0059753,0.00141015
CHB,13,0,0.0957561,0.0715957,-0.00501517,0.00133494
CHB,14,0,0.094254,0.0707394,-0.00614177,0.00333045
CHB,15,0,0.0960607,0.0702008,-0.00264525,0.00196995
CHB,16,0,0.0950751,0.0711387,-0.00684628,0.00152644
CHB,17,0,0.0934609,0.0693211,-0.00736639,-0.000705729
CHB,18,0,0.0920751,0.0699119,-0.0032858,0.00324697
CHB,19,0,0.0937561,0.071525,-0.00170123,0.000503739
CHB,20,0,0.0959364,0.0693112,-0.0062489,0.00282704
CHB,21,0,0.0951028,0.0729422,-0.00505841,0.00119019
CHB,22,0,0.0935227,0.072484,-0.0049445,0.0011883
CHB,23,0,0.0907745,0.064882,-0.00627563,0.000969695
CHB,24,0,0.0932206,0.0670995,-0.00706318,-1.52259e-06
CHB,25,0,0.0948366,0.070683,-0.00383244,0.00430539
CHB,26,0,0.0946854,0.0686308,-0.0064375,0.00202161
CHB,27,0,0.0944617,0.0712291,-0.00456534,0.00183854
CHB,28,0,0.0958105,0.0691489,-0.00874478,-7.99944e-05
CHB,29,0,0.0931625,0.0661119,-0.0045552,0.00163314
CHB,30,0,0.0944157,0.0696932,-0.00542595,0.0012949
CHB,31,0,0.0935298,0.0719543,-0.00770015,0.000155473
CHB,32,0,0.0935313,0.0723316,-0.00452751,0.00221406
CHB,33,0,0.0932968,0.0695423,-0.00313937,0.000484408
CHB,34,0,0.0943754,0.0698501,-0.00812855,0.000982365
CHB,35,0,0.0941288,0.0710979,-0.00628723,0.00174925
CHB,36,0,0.0940689,0.0710509,-0.00687505,0.000283901
CHB,37,0,0.0939301,0.0740286,-0.0050421,0.000612844
CHB,38,0,0.0933355,0.0715975,-0.00762887,0.00267863
CHB,39,0,0.0955338,0.0695948,-0.00835105,0.00108764
CHB,40,0,0.0928385,0.0678213,-0.00647452,0.00105332
CHB,41,0,0.0923157,0.071932,-0.00647774,0.00165126
CHB,42,0,0.0936837,0.0670819,-0.00570161,0.000225565
CHB,43,0,0.0946832,0.0691482,-0.00744912,0.00104111
CHB,44,0,0.0941734,0.0685335,-0.00695105,0.00351386
CHB,45,0,0.0939529,0.0746687,-0.00664725,0.00205309
CHB,46,0,0.095441,0.0704344,-0.00614068,0.00124186
CHB,47,0,0.0936571,0.0722711,-0.00591231,0.00199284
CHB,48,0,0.0957281,0.0714698,-0.0068304,0.00325465
CHB,49,0,0.0948739,0.0689865,-0.00652113,0.00220199
CHB,50,0,0.093073,0.0687341,-0.00695817,-0.000493727
CHB,51,0,0.0944819,0.0725243,-0.00497514,0.00265302
CHB,52,0,0.0934704,0.0666723,-0.00470572,0.00131995
CHB,53,0,0.0955959,0.0709617,-0.00581784,0.000520344
CHB,54,0,0.0934464,0.0700526,-0.00443787,0.00162536
CHB,55,0,0.0936132,0.0698196,-0.0068599,-0.00115622
CHB,56,0,0.0951124,0.0696668,-0.00490125,0.000458496
CHB,57,0,0.0933769,0.0693964,-0.00604516,0.00132587
CHB,58,0,0.0946753,0.0718906,-0.00794557,0.00140202
CHB,59,0,0.0931112,0.0710653,-0.00568157,0.00140238
CHB,60,0,0.0949375,0.0715418,-0.00871862,0.00212004
CHB,61,0,0.0947332,0.0693366,-0.00491965,0.00145056
CHB,62,0,0.0920773,0.0705084,-0.00289047,0.00190904
CHB,63,0,0.0945521,0.0717843,-0.00727207,0.000959825
CHB,64,0,0.0928152,0.071065,-0.00546654,0.0011425
CHB,65,0,0.093528,0.0730552,-0.00847495,0.000645538
CHB,66,0,0.0906991,0.0707494,-0.00490104,0.0038739
CHB,67,0,0.0936612,0.070043,-0.00304725,0.00201918
CHB,68,0,0.0960556,0.0728965,-0.00289589,-0.000990137
CHB,69,0,0.0942464,0.0712569,-0.00514009,0.00303918
CHB,70,0,0.0918194,0.0681363,-0.00400337,0.00172633
CHB,71,0,0.0947128,0.0716184,-0.0058028,0.00106309
CHB,72,0,0.0921811,0.0692104,-0.00483565,0.00129823
CHB,73,0,0.0942418,0.0711161,-0.00617782,0.00293121
CHB,74,0,0.0939621,0.0674553,-0.00413657,0.0012571
CHB,75,0,0.0954362,0.0660448,-0.00512476,-0.000577292
CHB,76,0,0.0934704,0.0693294,-0.00576485,0.00134752
CHB,77,0,0.092685,0.069283,-0.00730081,0.00196717
CHB,78,0,0.0954145,0.0698751,-0.00307287,0.000475758
CHB,79,0,0.0948206,0.0684914,-0.00452669,0.000525591
CHB,80,0,0.093613,0.0678863,-0.00544457,0.000830083
CHB,81,0,0.0961271,0.0706225,-0.00616084,0.00174841
CHB,82,0,0.0944027,0.0733705,-0.00767373,0.000948634
CHB,83,0,0.0926976,0.071675,-0.00360048,0.00294995
CHB,84,0,0.0937607,0.0730684,-0.00621175,0.000409478
YRI,1,0,-0.122052,0.0260314,0.00110938,-0.0271676
YRI,2,0,-0.120922,0.025698,-0.00131059,-0.0257331
YRI,3,0,-0.121271,0.0260839,8.98995e-05,-0.0249442
YRI,4,0,-0.121618,0.0277117,0.00108241,-0.0272277
YRI,7,0,-0.123033,0.0273742,0.00111156,-0.0266202
YRI,9,0,-0.120314,0.0276048,0.00206248,-0.0249128
YRI,10,0,-0.120529,0.0273075,0.00163208,-0.0260585
YRI,12,0,-0.121993,0.0259225,0.000951355,-0.0280487
YRI,14,0,-0.121381,0.0252595,0.00205189,-0.0254211
YRI,16,0,-0.120615,0.0279574,0.00361106,-0.0264998
YRI,18,0,-0.120796,0.0269047,0.000957264,-0.0266131
YRI,21,0,-0.120003,0.0285531,0.000335769,-0.026765
YRI,22,0,-0.120621,0.0257752,0.00097528,-0.0259916
YRI,24,0,-0.120198,0.0272672,0.00111103,-0.0272693
YRI,25,0,-0.120377,0.0269538,0.00326035,-0.0272729
YRI,26,0,-0.121369,0.0260475,-5.92918e-05,-0.0284746
YRI,27,0,-0.120747,0.0274462,0.0025209,-0.0256622
YRI,28,0,-0.120792,0.0276383,0.00099473,-0.0259017
YRI,29,0,-0.121275,0.0266704,0.00297715,-0.0264438
YRI,30,0,-0.119856,0.0263031,0.00167058,-0.0253178
YRI,32,0,-0.119888,0.027705,-0.000124532,-0.0253341
YRI,33,0,-0.121061,0.0269093,0.000193299,-0.0267718
YRI,34,0,-0.120867,0.0261733,0.00117814,-0.0243778
YRI,35,0,-0.121653,0.0274969,0.00105269,-0.0267689
YRI,36,0,-0.121799,0.0275405,0.0018538,-0.0260684
YRI,39,0,-0.121604,0.0253473,0.00239392,-0.0258191
YRI,40,0,-0.120874,0.0267613,8.72937e-05,-0.0256952
YRI,42,0,-0.119251,0.026578,0.000750121,-0.0286142
YRI,46,0,-0.121067,0.026255,0.00097796,-0.0283495
YRI,47,0,-0.12086,0.0264604,0.00130244,-0.0259532
YRI,49,0,-0.122442,0.0258584,0.000125236,-0.0278475
YRI,50,0,-0.119466,0.0272039,-0.00040077,-0.0261991
YRI,51,0,-0.12149,0.0270226,0.00230247,-0.0253166
YRI,52,0,-0.120087,0.0270067,0.00101776,-0.0261375
YRI,53,0,-0.119961,0.0289335,0.000732183,-0.0252327
YRI,54,0,-0.120706,0.0266549,-1.22647e-05,-0.025837
YRI,55,0,-0.120306,0.0258011,0.000323981,-0.0264416
YRI,56,0,-0.1218,0.0256573,-0.000146167,-0.0243331
YRI,58,0,-0.121856,0.0262136,0.000366685,-0.0265501
YRI,60,0,-0.120809,0.0277446,0.00227955,-0.0277713
YRI,62,0,-0.118627,0.0266982,0.00240187,-0.0272024
YRI,63,0,-0.118962,0.0266561,0.00171351,-0.0266323
YRI,67,0,-0.121966,0.025905,0.000902078,-0.0271431
YRI,68,0,-0.121359,0.026716,0.00105669,-0.0248365
YRI,69,0,-0.122271,0.0274037,0.0017028,-0.0249144
YRI,71,0,-0.122231,0.0268582,0.0016514,-0.0260143
YRI,72,0,-0.120009,0.0273573,0.00197565,-0.0281284
YRI,73,0,-0.119899,0.0284197,8.10343e-05,-0.0282109
YRI,75,0,-0.120918,0.0255799,0.00118154,-0.0255718
YRI,76,0,-0.119892,0.026741,0.00177285,-0.0273844
YRI,77,0,-0.118238,0.0239316,0.000178036,-0.0240225
YRI,79,0,-0.119935,0.0247371,-0.000191116,-0.0268254
YRI,81,0,-0.120319,0.0268956,0.000744628,-0.0271542
YRI,82,0,-0.119901,0.0261341,0.00208555,-0.0235599
YRI,83,0,-0.120945,0.0256182,0.000559364,-0.0270157
YRI,84,0,-0.120668,0.0267446,0.00158757,-0.0266132
YRI,85,0,-0.119382,0.0253156,0.00133373,-0.026175
YRI,86,0,-0.120296,0.0272428,0.00126395,-0.0238793
YRI,87,0,-0.123655,0.0259437,-0.000281611,-0.0275274
YRI,90,0,-0.122029,0.0273021,0.00108749,-0.0272792
YRI,91,0,-0.121089,0.0269159,0.00226806,-0.0248639
YRI,92,0,-0.120777,0.0254295,0.00252633,-0.0260808
YRI,93,0,-0.121074,0.0264402,-0.000356682,-0.0280305
YRI,95,0,-0.119807,0.0280873,0.000369472,-0.0248361
YRI,97,0,-0.120394,0.0274673,0.00301016,-0.024936
YRI,98,0,-0.122787,0.0263175,-7.00241e-05,-0.0261259
YRI,99,0,-0.120176,0.0275421,0.00255478,-0.0268998
YRI,100,0,-0.12063,0.0270367,-0.00175414,-0.0254722
YRI,102,0,-0.120919,0.0271674,0.00126333,-0.0254128
YRI,103,0,-0.119835,0.0273405,0.00137417,-0.0264784
YRI,104,0,-0.12132,0.0256878,0.00205486,-0.026152
YRI,105,0,-0.121293,0.0272307,0.00245453,-0.0273315
YRI,106,0,-0.123007,0.0266339,-0.000645441,-0.0258901
YRI,107,0,-0.120567,0.0270634,0.000708679,-0.0276592
YRI,108,0,-0.120589,0.0262048,-0.000544592,-0.0247699
YRI,111,0,-0.12039,0.0267699,0.00117433,-0.0231065
YRI,112,0,-0.121166,0.0272109,0.000212266,-0.026571
YRI,113,0,-0.121912,0.0265252,-0.000169055,-0.0279049
YRI,114,0,-0.119424,0.0287199,0.00292021,-0.0256374
YRI,115,0,-0.120787,0.0266998,0.00145559,-0.0253999
YRI,116,0,-0.121647,0.0257977,0.000130184,-0.0273079
YRI,119,0,-0.118907,0.0266338,0.00128881,-0.0253842
YRI,121,0,-0.120338,0.0270249,0.00146118,-0.026371
YRI,123,0,-0.12141,0.0267457,7.99199e-05,-0.026225
YRI,124,0,-0.120472,0.0274353,0.000431676,-0.025633
YRI,125,0,-0.121596,0.0275045,0.000530049,-0.0272501
YRI,129,0,-0.120841,0.0251525,0.00140978,-0.0271946
YRI,130,0,-0.11885,0.0243008,0.00050595,-0.0258143
YRI,132,0,-0.121384,0.0247805,0.000834298,-0.0273495
YRI,133,0,-0.120304,0.0270505,0.00181187,-0.0266446
YRI,134,0,-0.12079,0.027158,0.00245431,-0.0270649
YRI,135,0,-0.120052,0.0277112,0.0022266,-0.0248971
YRI,137,0,-0.122292,0.0263839,0.00161642,-0.0264471
YRI,138,0,-0.119264,0.0271882,0.00115406,-0.026103
YRI,139,0,-0.120102,0.0266131,0.00171567,-0.0245956
YRI,141,0,-0.120088,0.0254938,0.00107883,-0.0275865
YRI,142,0,-0.120852,0.0263235,0.0016736,-0.0267795
YRI,143,0,-0.120121,0.0268209,0.00252611,-0.0268078
YRI,144,0,-0.119437,0.0276178,0.00234438,-0.0268531
YRI,146,0,-0.120944,0.0260141,0.000857417,-0.026679
YRI,148,0,-0.119692,0.0268277,0.000570529,-0.0276244
YRI,149,0,-0.120176,0.0276597,0.00180758,-0.0278778
YRI,150,0,-0.118537,0.0261874,0.00213765,-0.0253213
YRI,151,0,-0.121606,0.0268802,0.000939988,-0.0248593
YRI,153,0,-0.121318,0.0260067,-0.000183555,-0.0270341
YRI,155,0,-0.120083,0.0277056,-0.000813648,-0.0256321
YRI,158,0,-0.122125,0.0261585,-0.000726299,-0.0253198
YRI,160,0,-0.118233,0.0264068,-0.000610245,-0.0255463
YRI,161,0,-0.122568,0.0260704,0.0017344,-0.0267128
YRI,162,0,-0.119296,0.0279325,0.00232949,-0.0266424
YRI,163,0,-0.121594,0.0274677,0.00151758,-0.0242551
YRI,165,0,-0.120255,0.0280518,8.35031e-05,-0.027086
YRI,167,0,-0.12231,0.0265418,0.00256324,-0.0256031
TSI,1,0,0.0419187,-0.0899095,-0.0169766,0.000153878
TSI,2,0,0.044244,-0.0861517,-0.0133509,0.00156424
TSI,3,0,0.0443205,-0.087239,-0.0141773,0.00237501
TSI,4,0,0.0424166,-0.0889934,-0.0151551,0.00159677
TSI,5,0,0.0439145,-0.0861733,-0.0134,-0.000250596
TSI,6,0,0.0432222,-0.0871401,-0.0144416,0.0013712
TSI,7,0,0.042372,-0.0888506,-0.0146712,0.00163085
TSI,8,0,0.0434904,-0.0889824,-0.0178985,-0.000726981
TSI,9,0,0.0411996,-0.0900097,-0.0170041,0.00331923
TSI,10,0,0.0421307,-0.0866733,-0.0142086,-0.00035726
TSI,11,0,0.0441737,-0.0876214,-0.0162817,0.00235052
TSI,12,0,0.041226,-0.0888853,-0.0131438,0.00119815
TSI,13,0,0.0415913,-0.0882824,-0.0111331,-0.0013138
TSI,14,0,0.0417718,-0.0906807,-0.0163299,0.000573941
TSI,15,0,0.0420462,-0.0900007,-0.0134529,0.00168609
TSI,16,0,0.0436984,-0.088543,-0.0164704,0.00201823
TSI,17,0,0.0438775,-0.0885694,-0.0144462,7.89171e-05
TSI,18,0,0.0453809,-0.0878868,-0.0145735,-0.000758111
TSI,19,0,0.0436918,-0.0889083,-0.0170167,0.00143414
TSI,20,0,0.0427308,-0.0888614,-0.0161761,-0.00171989
TSI,21,0,0.0433944,-0.0876851,-0.0158521,0.000467027
TSI,22,0,0.0406395,-0.0872349,-0.0178234,-2.97011e-05
TSI,23,0,0.0415351,-0.0885122,-0.0157353,0.00124869
TSI,24,0,0.0436519,-0.085929,-0.0150439,0.000434319
TSI,25,0,0.0426612,-0.0883049,-0.0148008,0.00165284
TSI,26,0,0.0427142,-0.0882686,-0.0159714,0.00112068
TSI,27,0,0.0414836,-0.0893566,-0.0146085,0.000615345
TSI,28,0,0.0418139,-0.0866837,-0.0159775,0.00362473
TSI,29,0,0.0418805,-0.0904799,-0.0138775,-0.000277687
TSI,30,0,0.043216,-0.0884936,-0.0151184,0.00193138
TSI,31,0,0.042697,-0.0874696,-0.0141095,0.00101035
TSI,32,0,0.0419517,-0.088194,-0.0153301,0.00165175
TSI,33,0,0.0437943,-0.0862577,-0.0170318,0.000470774
TSI,34,0,0.0421955,-0.0893141,-0.014995,0.00315166
TSI,35,0,0.0432598,-0.0901964,-0.0163339,-0.00135563
TSI,36,0,0.0427119,-0.0874632,-0.0176981,0.003425
TSI,37,0,0.0411644,-0.0886007,-0.0163971,-0.000173429
TSI,38,0,0.0450347,-0.0875694,-0.0174627,0.000133483
TSI,39,0,0.0424136,-0.0899277,-0.0132116,-0.000221955
TSI,40,0,0.0411053,-0.0897548,-0.0172318,0.00237805
TSI,41,0,0.0439235,-0.087704,-0.0157656,-0.00179694
TSI,42,0,0.0450776,-0.0851227,-0.0135222,0.000377482
TSI,43,0,0.0411317,-0.088922,-0.0128274,0.00165616
TSI,44,0,0.0419268,-0.0880963,-0.0143389,-0.000861878
TSI,45,0,0.0415856,-0.0907888,-0.0137129,0.00154329
TSI,46,0,0.0410154,-0.0878103,-0.0166291,0.000738019
TSI,47,0,0.0433118,-0.0905791,-0.0163178,0.000265615
TSI,48,0,0.0425504,-0.087603,-0.0157801,-0.00104079
TSI,49,0,0.042374,-0.0895427,-0.0152375,0.00395922
TSI,50,0,0.0422047,-0.089677,-0.0165535,0.00174463
TSI,51,0,0.0416994,-0.0871612,-0.014855,0.00278446
TSI,52,0,0.0420987,-0.0870419,-0.015915,0.00197157
TSI,53,0,0.0420258,-0.0880973,-0.0163327,0.00222411
TSI,54,0,0.0439796,-0.0877702,-0.012199,0.00147244
TSI,55,0,0.0436004,-0.0891257,-0.0162785,0.000351635
TSI,56,0,0.0394555,-0.0872071,-0.0148829,0.00124916
TSI,57,0,0.0423273,-0.0900203,-0.015191,-0.000556138
TSI,58,0,0.0440741,-0.0884621,-0.0160731,-0.000139198
TSI,59,0,0.041865,-0.0879799,-0.0152655,0.00179494
TSI,60,0,0.0410477,-0.0872272,-0.0152247,0.00271717
TSI,61,0,0.0419506,-0.0899095,-0.0154033,0.000615139
TSI,62,0,0.0424388,-0.0902962,-0.0163737,0.00102323
TSI,63,0,0.0415756,-0.0878409,-0.0168635,0.00323495
TSI,64,0,0.0423045,-0.0891003,-0.0159583,0.000217109
TSI,65,0,0.0434006,-0.088795,-0.0151262,0.00101424
TSI,66,0,0.0426672,-0.087206,-0.0132934,0.00206049
TSI,67,0,0.0430265,-0.0873994,-0.0153376,-5.13297e-05
TSI,68,0,0.0423016,-0.087921,-0.0157346,0.000990548
TSI,69,0,0.0408966,-0.0887585,-0.0162597,0.000606137
TSI,70,0,0.0412574,-0.0885557,-0.0126095,0.00194052
TSI,71,0,0.043768,-0.088826,-0.0133956,0.00116361
TSI,72,0,0.0428371,-0.0895945,-0.0141478,0.00172492
TSI,73,0,0.0420245,-0.088626,-0.0125872,0.000404886
TSI,74,0,0.0424598,-0.0883859,-0.015377,0.00165792
TSI,75,0,0.0421325,-0.0881525,-0.0180112,0.000221253
TSI,76,0,0.0429445,-0.0889282,-0.0162149,0.00207162
TSI,77,0,0.0447081,-0.0876963,-0.0144362,0.00257517
TSI,78,0,0.0426188,-0.0877901,-0.0138216,0.00166413
TSI,79,0,0.0424595,-0.0869466,-0.0158682,0.0010395
TSI,80,0,0.0438843,-0.0883334,-0.0163572,0.00126342
TSI,81,0,0.0422686,-0.0888224,-0.0131363,0.00123559
TSI,82,0,0.043634,-0.0881237,-0.0150619,0.00197252
TSI,83,0,0.0396677,-0.0909927,-0.0122049,7.1154e-05
TSI,84,0,0.0432094,-0.0874914,-0.0148192,0.000216908
TSI,85,0,0.0427155,-0.0879446,-0.0140354,0.00108183
TSI,86,0,0.0426216,-0.0904874,-0.0149694,-0.00122907
TSI,87,0,0.0416037,-0.0892844,-0.0140867,0.00158314
TSI,88,0,0.0408788,-0.087359,-0.0161921,0.00161002
JPT,1,0,0.0929811,0.0700862,-0.00685415,0.000136448
JPT,2,0,0.0936269,0.0690443,-0.00579824,0.00124986
JPT,3,0,0.0935308,0.0698253,-0.0056102,-0.000834831
JPT,4,0,0.0937754,0.0699376,-0.00512736,0.00218151
JPT,5,0,0.0937801,0.0693403,-0.0047938,-0.00126198
JPT,6,0,0.0925387,0.0700104,-0.00562038,0.00197377
JPT,7,0,0.0934461,0.0691509,-0.00243315,0.00114957
JPT,8,0,0.0931821,0.0703144,-0.00444702,1.78558e-05
JPT,9,0,0.0932229,0.0683568,-0.00618016,-0.000406889
JPT,10,0,0.0936467,0.069231,-0.00570882,-4.32644e-05
JPT,11,0,0.0937549,0.071302,-0.00534626,0.0010243
JPT,12,0,0.095292,0.0707185,-0.00530396,0.000621904
JPT,13,0,0.0924961,0.0691616,-0.00526625,0.000581752
JPT,14,0,0.0939993,0.07036,-0.00370082,-0.000322052
JPT,15,0,0.0930437,0.0690786,-0.00332233,2.70266e-05
JPT,16,0,0.0960599,0.0685953,-0.00511829,0.000516602
JPT,17,0,0.0928039,0.0693167,-0.00569516,0.00104286
JPT,18,0,0.0950501,0.0712652,-0.00606872,-0.000842663
JPT,19,0,0.0957643,0.0672263,-0.00523878,0.00131266
JPT,20,0,0.0941874,0.070654,-0.00390668,0.000752022
JPT,21,0,0.0941141,0.0678909,-0.00362056,0.000847174
JPT,22,0,0.0940433,0.0712908,-0.00568877,-0.000369191
JPT,23,0,0.0941811,0.0687429,-0.00105638,0.000115296
JPT,24,0,0.0964845,0.0707343,-0.00710803,-0.000264735
JPT,25,0,0.0939943,0.0666454,-0.00270517,-0.0016526
JPT,26,0,0.0936515,0.0698432,-0.00259056,0.000989678
JPT,27,0,0.0942716,0.0708699,-0.00505279,0.00219724
JPT,28,0,0.0944079,0.0696746,-0.00198917,0.000610277
JPT,29,0,0.0915729,0.0717367,-0.00395269,0.000866296
JPT,30,0,0.092987,0.0718413,-0.00565083,0.000311548
JPT,31,0,0.094832,0.0684482,-0.00470649,0.00028207
JPT,32,0,0.0924007,0.0685886,-0.0068052,-0.00157126
JPT,33,0,0.0932637,0.0689461,-0.00274995,-0.000553401
JPT,34,0,0.0929099,0.0697733,-0.00526535,0.00206026
JPT,35,0,0.0936657,0.0709717,-0.003993,-0.000948238
JPT,36,0,0.0941873,0.0694366,-0.00240909,0.00159435
JPT,37,0,0.0944112,0.0703917,-0.00561739,0.000916755
JPT,38,0,0.09592,0.0702637,-0.00735052,0.00109607
JPT,39,0,0.0950248,0.072298,-0.00381642,-0.000122349
JPT,40,0,0.0929654,0.068459,-0.00450025,0.00161582
JPT,41,0,0.0940376,0.0705098,-0.00436285,-3.48229e-05
JPT,42,0,0.0933993,0.0705436,-0.00572441,0.00158214
JPT,43,0,0.0939725,0.0707117,-0.00395814,-0.000359525
JPT,44,0,0.0928367,0.0682105,-0.00292535,0.00152518
JPT,45,0,0.0922942,0.0715342,-0.00465982,0.00140125
JPT,46,0,0.093446,0.0686319,-0.00662469,0.0020728
JPT,47,0,0.0951411,0.0693515,-0.00534936,-0.000109352
JPT,48,0,0.0929704,0.0701973,-0.0052302,0.00151745
JPT,49,0,0.0926081,0.0696903,-0.00261324,0.0011185
JPT,50,0,0.0930216,0.068698,-0.00438969,-0.00130777
JPT,51,0,0.0959917,0.0709846,-0.00643735,0.00034739
JPT,52,0,0.0944273,0.0705062,-0.00592638,0.000829669
JPT,53,0,0.0936925,0.0688607,-0.00585012,-0.000925494
JPT,54,0,0.0950797,0.0694671,-0.00646949,-0.00139572
JPT,55,0,0.0946755,0.0719613,-0.00505541,-0.000873872
JPT,56,0,0.0943243,0.0684223,-0.00357257,0.00199445
JPT,57,0,0.0943543,0.0710886,-0.0055354,-0.00226344
JPT,58,0,0.0934987,0.0712286,-0.00257553,0.000576214
JPT,59,0,0.092248,0.0696705,-0.00255072,0.00123052
JPT,60,0,0.0942788,0.0721782,-0.00504729,-0.000160456
JPT,61,0,0.0958266,0.0695292,-0.00168575,0.000681552
JPT,62,0,0.0931384,0.0687437,-0.00397763,-0.00125701
JPT,63,0,0.0953759,0.0694322,-0.00658644,-0.00257393
JPT,64,0,0.0922652,0.0709409,-0.00390648,-0.000974945
JPT,65,0,0.0928047,0.0715197,-0.00525653,0.00175204
JPT,66,0,0.0945592,0.0706519,-0.0059138,0.00167796
JPT,67,0,0.09265,0.0707902,-0.004984,-0.000714009
JPT,68,0,0.0931282,0.0718859,-0.00478952,0.00228302
JPT,69,0,0.0941632,0.0691884,-0.00291806,0.00186804
JPT,70,0,0.0948487,0.06917,-0.00436856,0.000232327
JPT,71,0,0.0914274,0.0717995,-0.00334536,0.000923629
JPT,72,0,0.0943011,0.070195,-0.00651615,0.00234889
JPT,73,0,0.0946677,0.0679828,-0.00520864,-0.000325155
JPT,74,0,0.091526,0.0686898,-0.00452613,-0.000184351
JPT,75,0,0.0940779,0.069937,-0.00390742,-1.46641e-05
JPT,76,0,0.0930892,0.0702432,-0.00301167,0.000599993
JPT,77,0,0.095092,0.0682353,-0.00482076,0.000336509
JPT,78,0,0.094896,0.0717248,-0.00430772,0.0006015
JPT,79,0,0.0952962,0.068031,-0.0070137,-0.00160113
JPT,80,0,0.0927868,0.0724252,-0.00459446,-0.000804759
JPT,81,0,0.0932711,0.070645,-0.00771654,0.00121103
JPT,82,0,0.0943962,0.0685522,-0.00589799,0.00220104
JPT,83,0,0.0941232,0.0698718,-0.00561386,-0.000123741
JPT,84,0,0.0930941,0.070924,-0.00598903,-0.00100378
JPT,85,0,0.0923577,0.0687593,-0.00277723,0.000443463
JPT,86,0,0.0938842,0.0686,-0.00469835,0.00218751
CHD,1,0,0.0942272,0.0692792,-0.00678458,0.00118873
CHD,2,0,0.0931994,0.0714797,-0.00497476,-0.00211083
CHD,3,0,0.0943542,0.0743623,-0.00556955,0.00282131
CHD,4,0,0.0954955,0.0682747,-0.00329808,0.00063002
CHD,5,0,0.0942189,0.0675702,-0.00493476,0.000858559
CHD,6,0,0.0949153,0.0715322,-0.00368389,1.43609e-05
CHD,7,0,0.0938942,0.0744253,-0.00398045,0.000747829
CHD,8,0,0.0933532,0.071541,-0.00153861,0.00313633
CHD,9,0,0.094962,0.0725969,-0.00704995,0.00159225
CHD,10,0,0.0935161,0.0713218,-0.00652143,0.00146758
CHD,11,0,0.0944397,0.0726113,-0.00465079,-0.000371732
CHD,12,0,0.0942098,0.0703298,-0.00637169,-0.000364777
CHD,13,0,0.0939843,0.0727092,-0.00463946,0.000909748
CHD,14,0,0.0947603,0.0711758,-0.00299927,0.000327273
CHD,15,0,0.0942891,0.069679,-0.00542901,0.000197265
CHD,16,0,0.0951777,0.0730591,-0.0055197,7.82356e-05
CHD,17,0,0.0949346,0.0715203,-0.0083368,0.0016114
CHD,18,0,0.0932875,0.0751743,-0.00649256,0.00185847
CHD,19,0,0.0934885,0.0702731,-0.000426673,6.36133e-05
CHD,20,0,0.0931111,0.0714049,-0.00589915,0.00235361
CHD,21,0,0.0944085,0.0702199,-0.00450768,0.00201737
CHD,22,0,0.0942963,0.071342,-0.00712688,0.00126955
CHD,23,0,0.0950378,0.0706101,-0.00440594,0.000814667
CHD,24,0,0.0925061,0.0680271,-0.00390441,0.00180739
CHD,25,0,0.0949074,0.0712705,-0.000751705,0.0020696
CHD,26,0,0.0941007,0.0716077,-0.00415722,0.000625908
CHD,27,0,0.0931699,0.0694424,-0.00403544,0.00113678
CHD,28,0,0.0936682,0.0700339,-0.00159578,0.00187269
CHD,29,0,0.0949199,0.071844,-0.00655687,0.0007047
CHD,30,0,0.0962253,0.07367,-0.00674394,-0.000475358
CHD,31,0,0.0959519,0.0728776,-0.00583362,0.00100227
CHD,32,0,0.0934182,0.0693915,-0.00598663,0.000950554
CHD,33,0,0.0945027,0.0720823,-0.00396771,0.00299165
CHD,34,0,0.0942058,0.0699603,-0.00678036,0.0021483
CHD,35,0,0.0937557,0.0708156,-0.00413051,0.00204137
CHD,36,0,0.0943379,0.0726765,-0.00540695,-0.000818723
CHD,37,0,0.093473,0.071832,-0.00336539,0.00449629
CHD,38,0,0.0945256,0.073316,-0.00379921,0.000504206
CHD,39,0,0.0936491,0.0720102,-0.00467079,0.00414817
CHD,40,0,0.0933753,0.0701389,-0.00417361,0.00149721
CHD,41,0,0.0935062,0.0709906,-0.00540232,0.00238078
CHD,42,0,0.0937294,0.0700835,-0.00479077,0.000163382
CHD,43,0,0.0934213,0.0691354,-0.00336907,0.0013107
CHD,44,0,0.0952669,0.0723278,-0.00401967,0.00347068
CHD,45,0,0.0957431,0.0701824,-0.00620271,0.00167845
CHD,46,0,0.0948614,0.072021,-0.00437881,-0.000346919
CHD,47,0,0.0932496,0.0721988,-0.00459917,0.0018285
CHD,48,0,0.094836,0.0697907,-0.00318418,0.000218715
CHD,49,0,0.0945449,0.0731602,-0.00534044,0.00135463
CHD,50,0,0.0944362,0.0705422,-0.00741036,0.00128582
CHD,51,0,0.0934979,0.0722418,-0.00619736,0.00151909
CHD,52,0,0.0942199,0.0692632,-0.00594149,0.00313489
CHD,53,0,0.0935683,0.073521,-0.00439228,0.0021841
CHD,54,0,0.0943335,0.0684854,-0.00254228,-5.2263e-05
CHD,55,0,0.0940365,0.06937,-0.00385442,0.000506948
CHD,56,0,0.0956211,0.0734302,-0.00494004,0.00233562
CHD,57,0,0.093339,0.0716686,-0.00260837,0.00143827
CHD,58,0,0.0958171,0.0720606,-0.00508112,0.00102981
CHD,59,0,0.0949532,0.0718719,-0.00332989,-0.000318892
CHD,60,0,0.0930412,0.0663901,-0.0029921,0.00218634
CHD,61,0,0.0950288,0.0707425,-0.00551866,0.00061144
CHD,62,0,0.0946174,0.0687218,-0.0060503,-0.00117417
CHD,63,0,0.0943299,0.0726699,-0.00323021,0.00244541
CHD,64,0,0.0920962,0.0692356,-0.00466429,0.00322492
CHD,65,0,0.095203,0.0717248,-0.00600192,0.00309742
CHD,66,0,0.0927648,0.071106,-0.00379539,0.003135
CHD,67,0,0.0930306,0.0725322,-0.00469508,0.0019181
CHD,68,0,0.0937364,0.0700452,-0.00646867,0.00189882
CHD,69,0,0.0935532,0.0701137,-0.00241522,0.00194326
CHD,70,0,0.0933594,0.0718374,-0.00517728,0.000309914
CHD,71,0,0.0955114,0.0732236,-0.00351001,0.00130058
CHD,72,0,0.0924554,0.0733792,-0.00272103,0.000356083
CHD,73,0,0.0922636,0.070895,-0.00177629,0.00312287
CHD,74,0,0.093753,0.0688968,-0.0057111,-0.000472846
CHD,75,0,0.0950609,0.0708588,-0.00270503,8.70188e-05
CHD,76,0,0.0952458,0.0717542,-0.00519731,0.00205827
CHD,77,0,0.0967947,0.0722587,-0.00610964,0.00194218
CHD,78,0,0.0943356,0.0737846,-0.00472399,0.00271006
CHD,79,0,0.0957532,0.0733512,-0.00211654,0.00216324
CHD,80,0,0.0934949,0.0718854,-0.00552308,0.000958778
CHD,81,0,0.0921344,0.0705346,-0.00196423,0.00125344
CHD,82,0,0.0939298,0.0734868,-0.00446413,-0.00063493
CHD,83,0,0.093416,0.0695347,-0.00320584,0.000160397
CHD,84,0,0.0940902,0.071261,-0.00567153,0.00267922
CHD,85,0,0.0938328,0.0707127,-0.0029202,0.0018352
MEX,1,0,0.0547082,-0.0158649,-0.0140354,-0.0206324
MEX,2,0,0.0548168,-0.024808,-0.0139797,-0.0173288
MEX,4,0,0.0539628,-0.0337425,-0.013637,-0.0156363
MEX,5,0,0.0477602,-0.0258671,-0.0116898,-0.0185303
MEX,6,0,0.0464657,-0.0600608,-0.0163216,-0.00694085
MEX,7,0,0.0541342,-0.0485473,-0.0154671,-0.00918317
MEX,9,0,0.0573954,-0.0215043,-0.0134965,-0.0199353
MEX,10,0,0.0536844,-0.0514908,-0.0137774,-0.0112538
MEX,12,0,0.0496343,-0.0389154,-0.0154132,-0.0153093
MEX,13,0,0.0592951,-0.0138663,-0.0144003,-0.0223521
MEX,15,0,0.066127,-0.0213352,-0.014034,-0.0186744
MEX,16,0,0.059877,-0.0302625,-0.0145006,-0.0178637
MEX,17,0,0.0686847,-0.0058793,-0.0105372,-0.0231459
MEX,18,0,0.052603,-0.0447153,-0.0144799,-0.00885402
MEX,19,0,0.0510492,-0.0464568,-0.0172456,-0.0136432
MEX,20,0,0.0410726,-0.0720231,-0.0176957,-0.00771614
MEX,21,0,0.0486078,-0.0530664,-0.0147763,-0.00793041
MEX,23,0,0.0434066,-0.0547958,-0.0143665,-0.00787713
MEX,26,0,0.0551117,-0.0540804,-0.0139909,-0.0109013
MEX,27,0,0.0492343,-0.0480865,-0.0179599,-0.0102799
MEX,29,0,0.0607963,-0.010455,-0.0136217,-0.0227838
MEX,30,0,0.0512122,-0.0280814,-0.0139562,-0.0150159
MEX,33,0,0.0533531,-0.0320857,-0.0136297,-0.0153874
MEX,35,0,0.0437567,-0.0319404,-0.0143429,-0.0170059
MEX,36,0,0.0459845,-0.0319032,-0.0144671,-0.0177833
MEX,38,0,0.0694786,-0.009641,-0.0135388,-0.023382
MEX,43,0,0.054591,-0.0304764,-0.0156445,-0.0147549
MEX,44,0,0.0583893,-0.0347424,-0.0114655,-0.0139529
MEX,45,0,0.0547118,-0.0300012,-0.01573,-0.0183016
MEX,46,0,0.0478621,-0.0512222,-0.0130469,-0.00961742
MEX,48,0,0.0508413,-0.0331015,-0.014148,-0.0160043
MEX,49,0,0.0590274,-0.0137914,-0.0125541,-0.0197556
MEX,51,0,0.0572988,-0.034773,-0.0146215,-0.0170179
MEX,53,0,0.0396493,-0.058948,-0.0160455,-0.00957316
MEX,55,0,0.0579763,-0.0215979,-0.0132012,-0.0202507
MEX,56,0,0.0654492,-0.0117463,-0.0127163,-0.0217195
MEX,62,0,0.0483098,-0.0531301,-0.0168412,-0.00852455
MEX,63,0,0.0505793,-0.0324074,-0.012678,-0.016645
MEX,64,0,0.054673,-0.0251129,-0.0157327,-0.018976
MEX,65,0,0.0554331,-0.0376143,-0.0111258,-0.0135461
MEX,67,0,0.0557192,-0.0230736,-0.0139412,-0.0168735
MEX,68,0,0.0551898,-0.0176129,-0.0115287,-0.0214576
MEX,70,0,0.0492159,-0.0403315,-0.0160726,-0.0143584
MEX,71,0,0.0551199,-0.0342043,-0.0113066,-0.0180875
MEX,72,0,0.0557945,-0.0227088,-0.0135535,-0.017148
MEX,73,0,0.0491244,-0.0517148,-0.0158255,-0.00818085
MEX,74,0,0.0494896,-0.0329526,-0.0103965,-0.0141356
MEX,75,0,0.0550448,-0.0350582,-0.0133896,-0.0169099
MEX,76,0,0.040755,-0.0817514,-0.0179328,-0.00456911
MEX,77,0,0.0465365,-0.0556358,-0.0156512,-0.00946253
GIH,1,0,0.0484666,-0.0388411,0.0744702,-0.000254408
GIH,2,0,0.0497074,-0.0372645,0.0728356,-0.000726186
GIH,3,0,0.0484397,-0.0380759,0.0719322,-0.000441908
GIH,4,0,0.050828,-0.0371185,0.0715206,-0.000613477
GIH,5,0,0.0483976,-0.0336458,0.0600919,0.00179494
GIH,6,0,0.0481497,-0.0427893,0.0564715,0.000799853
GIH,7,0,0.0502723,-0.0370086,0.0732279,-0.000132791
GIH,8,0,0.0480114,-0.0478447,0.0535958,0.0012929
GIH,9,0,0.0478895,-0.0349914,0.0604246,0.0010901
GIH,10,0,0.0504423,-0.0377777,0.0693891,4.58476e-05
GIH,11,0,0.0503383,-0.0377189,0.0668011,0.000479057
GIH,12,0,0.0490949,-0.0368243,0.0721035,-0.000683566
GIH,13,0,0.0511128,-0.0382911,0.0706162,8.29396e-05
GIH,14,0,0.0493281,-0.0405091,0.0703789,-0.000984254
GIH,15,0,0.0495058,-0.0387741,0.0740951,9.55282e-05
GIH,16,0,0.0510816,-0.037633,0.0717576,-0.00219342
GIH,17,0,0.0483992,-0.0430455,0.0571939,0.000289704
GIH,18,0,0.0493575,-0.0479376,0.0545297,0.00115265
GIH,19,0,0.0495313,-0.0394428,0.0573899,-0.000730629
GIH,20,0,0.0466129,-0.0379084,0.0758523,0.00212459
GIH,21,0,0.0503516,-0.0407118,0.0560402,0.000723112
GIH,22,0,0.0485087,-0.0375283,0.0738464,0.00268282
GIH,23,0,0.0497614,-0.0367037,0.0735695,-0.00110127
GIH,24,0,0.0499795,-0.0384215,0.073654,-0.000752943
GIH,25,0,0.0501281,-0.0397116,0.0652798,0.00153732
GIH,26,0,0.0479834,-0.0422405,0.0719145,-0.000359919
GIH,27,0,0.0483982,-0.0391348,0.069693,0.00281692
GIH,28,0,0.0510673,-0.0386708,0.0712818,0.00113031
GIH,29,0,0.04951,-0.0394573,0.070158,-0.00123156
GIH,30,0,0.049673,-0.047734,0.0565039,0.000644083
GIH,31,0,0.04684,-0.0513672,0.0478366,3.14884e-05
GIH,32,0,0.0499432,-0.0389781,0.0697609,0.000895611
GIH,33,0,0.0491472,-0.038983,0.0738388,0.000326977
GIH,34,0,0.0482281,-0.0403324,0.0728687,-0.000328763
GIH,35,0,0.048187,-0.0431544,0.0551574,0.00136806
GIH,36,0,0.0504724,-0.0493587,0.0457875,-0.00145165
GIH,37,0,0.0496518,-0.0429183,0.056456,-0.00123814
GIH,38,0,0.048211,-0.0532619,0.0417693,-0.0026453
GIH,39,0,0.0470104,-0.0544589,0.0386476,0.000492435
GIH,40,0,0.0496327,-0.0421852,0.0707852,-5.85848e-05
GIH,41,0,0.0500815,-0.0307588,0.0645356,0.00231925
GIH,42,0,0.0496586,-0.052001,0.0423662,-0.00234494
GIH,43,0,0.0500964,-0.0364257,0.0708217,0.00112073
GIH,44,0,0.0494302,-0.0410054,0.0697684,0.000754219
GIH,45,0,0.0498515,-0.0380997,0.0696416,0.000895708
GIH,46,0,0.0505009,-0.0388867,0.058366,-0.00187255
GIH,47,0,0.0499627,-0.0522604,0.0442044,-0.000643463
GIH,48,0,0.0499036,-0.03699,0.0749035,-0.000103047
GIH,49,0,0.0490546,-0.0372455,0.0734144,-0.00015585
GIH,50,0,0.0493094,-0.0360135,0.0737411,-0.00111699
GIH,51,0,0.0488389,-0.039989,0.0572419,-0.00132914
GIH,52,0,0.0470846,-0.0462968,0.0466767,-0.00207627
GIH,53,0,0.0475869,-0.047252,0.0461642,-0.00121106
GIH,54,0,0.0484801,-0.0420531,0.0569434,0.00122262
GIH,55,0,0.0485171,-0.0524029,0.0459449,-0.000877207
GIH,56,0,0.0494999,-0.0380976,0.0723991,0.00293501
GIH,57,0,0.0494106,-0.0400586,0.0727949,-0.000845837
GIH,58,0,0.0491919,-0.0392255,0.0739348,0.000871331
GIH,59,0,0.0488467,-0.0392474,0.0754357,0.00167504
GIH,60,0,0.0475682,-0.0390838,0.0730322,-0.000926246
GIH,61,0,0.0485893,-0.0405187,0.0594362,-0.0017449
GIH,62,0,0.0479404,-0.0468101,0.0530241,-0.000765711
GIH,63,0,0.047916,-0.0447092,0.0550436,0.00110625
GIH,64,0,0.052223,-0.0376242,0.0708851,-0.00104719
GIH,65,0,0.049973,-0.0366259,0.0766606,-0.00177398
GIH,66,0,0.0511511,-0.0439891,0.0550625,0.000300297
GIH,67,0,0.0481561,-0.0417842,0.0713649,0.000936949
GIH,68,0,0.0496356,-0.0392373,0.0718891,-0.000111703
GIH,69,0,0.0477608,-0.0507549,0.0464583,-0.00114655
GIH,70,0,0.0474563,-0.0415184,0.0576466,0.000557381
GIH,71,0,0.048741,-0.0457053,0.0528627,-0.000567185
GIH,72,0,0.0507413,-0.0411028,0.0556965,-0.00243274
GIH,73,0,0.0497039,-0.03885,0.0687243,-0.00045268
GIH,74,0,0.0500989,-0.0441417,0.0537034,-0.000905275
GIH,75,0,0.0497184,-0.0388072,0.071474,-0.00105846
GIH,76,0,0.0486723,-0.0490757,0.0468825,-0.00156028
GIH,77,0,0.0497948,-0.0375426,0.0729384,-0.000740808
GIH,78,0,0.0486096,-0.045005,0.0502754,-0.0019919
GIH,79,0,0.0489109,-0.0351696,0.0737106,0.000148192
GIH,80,0,0.0480762,-0.039837,0.0708232,0.00273679
GIH,81,0,0.0507694,-0.0408409,0.0719677,-0.000701839
GIH,82,0,0.0489364,-0.0395551,0.0698035,0.000430822
GIH,83,0,0.048301,-0.0396038,0.0722001,0.000261231
GIH,84,0,0.0483854,-0.0375405,0.0741012,-0.000398366
GIH,85,0,0.0506681,-0.0451798,0.0490194,-0.000635636
GIH,86,0,0.0494979,-0.0373202,0.0681679,-0.00158818
GIH,87,0,0.0502715,-0.0383334,0.0723139,0.00104065
GIH,88,0,0.0463932,-0.0505208,0.0472961,0.00132872
ASW,2,0,-0.101436,0.0134615,3.70361e-05,-0.0227725
ASW,3,0,-0.0899808,0.00884109,-0.00184526,-0.0212495
ASW,4,0,-0.0739368,-0.00360078,-0.00529344,-0.0251031
ASW,5,0,-0.0947878,0.00821695,-0.0026378,-0.0219279
ASW,7,0,-0.102782,0.0152193,-9.70534e-06,-0.0208244
ASW,8,0,-0.100007,0.0129298,-0.00253387,-0.0237361
ASW,9,0,-0.0695044,-0.00946044,-0.00398504,-0.0203354
ASW,10,0,-0.0892109,0.00599306,-0.00127012,-0.0209113
ASW,12,0,-0.0763735,-0.00520609,-0.00652169,-0.0212369
ASW,13,0,-0.0878896,0.00428068,-0.00302635,-0.0220204
ASW,14,0,-0.10306,0.0141951,-0.000592928,-0.0238031
ASW,15,0,-0.0972477,0.012737,-0.00125227,-0.021259
ASW,16,0,-0.0922175,0.00883686,-0.00312385,-0.0232928
ASW,18,0,-0.0988407,0.0120258,-0.00019584,-0.02132
ASW,19,0,-0.0788094,-0.00530146,-0.00448986,-0.020026
ASW,20,0,-0.0722657,-0.00970046,-0.00422175,-0.022472
ASW,21,0,-0.0742034,-0.00491792,-0.00261944,-0.0233324
ASW,24,0,-0.0893987,0.00890034,-0.00335539,-0.0226684
ASW,25,0,-0.0457865,-0.0111777,-0.00520774,-0.0216103
ASW,26,0,-0.0923298,0.0082776,-0.00114033,-0.0213667
ASW,27,0,-0.0785814,-0.00245082,-0.00646837,-0.0248399
ASW,28,0,-0.0789798,-0.000520003,-0.0050284,-0.0255373
ASW,29,0,-0.0758367,-0.0073145,-0.00312659,-0.0228877
ASW,30,0,-0.0953671,0.00970824,-0.00200428,-0.0203641
ASW,32,0,-0.100826,0.0148328,0.000702739,-0.0223623
ASW,33,0,-0.0885836,0.0059817,-0.000820882,-0.0214976
ASW,35,0,-0.0927317,0.00944836,-0.00174788,-0.0209158
ASW,36,0,-0.0839504,4.67703e-05,-0.00281762,-0.0234335
ASW,37,0,-0.0796775,-0.00222229,-0.00343377,-0.0218266
ASW,41,0,-0.073384,-0.00718259,-0.00371275,-0.0208028
ASW,43,0,-0.0530311,0.0104056,-0.00207392,-0.0233863
ASW,44,0,-0.0822969,0.000659655,-0.00293492,-0.0213996
ASW,45,0,-0.090167,0.00480805,-0.00439948,-0.0237754
ASW,46,0,-0.114144,0.0225502,0.00121518,-0.0224051
ASW,47,0,-0.0537898,-0.0177424,-0.00827681,-0.0174518
ASW,48,0,-0.0618864,-0.0167921,-0.00477915,-0.0215728
ASW,49,0,-0.0967824,0.0119858,-0.000172683,-0.0229755
ASW,55,0,-0.100327,0.0136174,1.26902e-05,-0.0240926
ASW,56,0,-0.0790037,-0.00233447,-0.00393807,-0.0217444
ASW,57,0,-0.0944645,0.00841599,0.000563255,-0.0199294
ASW,59,0,-0.0916147,0.00861516,0.000673673,-0.0248779
ASW,61,0,-0.0702499,-0.00841604,-0.00303264,-0.0202405
ASW,69,0,-0.100961,0.0118943,-0.00315066,-0.0230656
ASW,72,0,-0.0677411,-0.00774305,-0.00541461,-0.0216759
ASW,74,0,-0.0575558,-0.0168854,-0.00532549,-0.0216022
ASW,77,0,-0.084456,0.00183303,-0.00144403,-0.0242422
ASW,80,0,-0.075272,-0.00597496,-0.00636888,-0.0215864
ASW,81,0,-0.0884966,0.00384595,-0.00241046,-0.020873
ASW,82,0,-0.10393,0.014366,-0.000183047,-0.0236229
LWK,1,0,-0.113082,0.021037,0.000908081,-0.000410158
LWK,2,0,-0.113054,0.0208664,0.000843871,-0.00345614
LWK,3,0,-0.115611,0.0212317,0.000355383,-0.00479276
LWK,4,0,-0.111898,0.0200663,0.00155812,0.00147714
LWK,5,0,-0.113354,0.0235494,0.00117426,-0.00484182
LWK,6,0,-0.115202,0.0231141,-3.30601e-05,-0.00555054
LWK,7,0,-0.115297,0.0221011,0.000926624,-0.00558773
LWK,8,0,-0.11065,0.0211,-0.000865201,-6.58772e-05
LWK,9,0,-0.116626,0.0243513,0.000924435,-0.00758324
LWK,10,0,-0.117999,0.0242211,0.00158922,-0.00438815
LWK,11,0,-0.112254,0.0226644,0.000989829,-0.00262557
LWK,12,0,-0.113438,0.022701,-0.00016777,-0.000476867
LWK,13,0,-0.11451,0.0230325,-0.000356126,-0.00290547
LWK,14,0,-0.116629,0.022846,0.000234905,-0.00729038
LWK,15,0,-0.115404,0.0220176,0.00147981,-0.00574152
LWK,16,0,-0.111871,0.0214434,-0.000191154,-0.00335771
LWK,17,0,-0.1175,0.0235446,5.49631e-05,-0.0050973
LWK,18,0,-0.110224,0.0189453,0.00101362,-0.00264426
LWK,19,0,-0.112263,0.0206002,0.000939413,-0.00358815
LWK,20,0,-0.114922,0.0232267,0.000968606,-0.00421226
LWK,21,0,-0.113691,0.0220721,-0.00167482,-0.00839121
LWK,22,0,-0.116345,0.0206253,-6.94454e-05,-0.00392334
LWK,23,0,-0.112398,0.021222,0.000237151,-0.00118363
LWK,24,0,-0.115219,0.0223508,0.000451388,-0.00433172
LWK,25,0,-0.110977,0.018967,0.000224394,-0.0034306
LWK,26,0,-0.110361,0.0206551,0.000677557,-0.00233646
LWK,27,0,-0.114315,0.0231137,0.000124098,-0.00423034
LWK,28,0,-0.114237,0.0227048,-0.00145991,-0.00688871
LWK,29,0,-0.113207,0.0208085,0.00138982,-0.00149559
LWK,30,0,-0.111601,0.0214119,-0.000232343,-0.0037553
LWK,31,0,-0.114303,0.0229767,0.00053647,-0.00427376
LWK,32,0,-0.111251,0.0209186,0.00085921,-0.00189376
LWK,33,0,-0.113712,0.021201,-0.00117229,-0.00481291
LWK,34,0,-0.113169,0.0226224,0.00137523,-0.0040926
LWK,35,0,-0.115463,0.0235666,0.000872207,-0.00717513
LWK,36,0,-0.113933,0.0222634,-0.00107771,-0.00579821
LWK,37,0,-0.114547,0.0227174,0.000750127,-0.00257341
LWK,38,0,-0.112446,0.02161,-0.0010949,-0.00390192
LWK,39,0,-0.1154,0.0226615,0.000358065,-0.00818923
LWK,40,0,-0.113683,0.0231839,0.00226378,-0.0069277
LWK,41,0,-0.113327,0.021629,0.000964325,-0.00641445
LWK,42,0,-0.113596,0.0218941,0.000611371,-0.00596262
LWK,43,0,-0.114212,0.0232795,0.00182746,-0.00400018
LWK,44,0,-0.113542,0.0219609,0.000275445,-0.00317208
LWK,45,0,-0.112087,0.022505,-0.000225127,-0.00248678
LWK,46,0,-0.11478,0.0218613,0.00213214,-0.00335747
LWK,47,0,-0.113634,0.0217804,0.000562189,-0.00246988
LWK,48,0,-0.113238,0.0221114,0.000783993,-0.0059484
LWK,49,0,-0.114555,0.0234729,0.000298374,-0.00202386
LWK,50,0,-0.116232,0.0217125,0.00101194,-0.0048484
LWK,51,0,-0.11767,0.0236091,0.00192237,-0.00824985
LWK,52,0,-0.117039,0.0241675,0.000360177,-0.00549268
LWK,53,0,-0.113088,0.0225707,-0.000702319,-0.00496768
LWK,54,0,-0.112819,0.0220054,0.0011669,-0.00347234
LWK,55,0,-0.114061,0.024393,0.00082967,-0.00849838
LWK,56,0,-0.114311,0.0244409,0.000260942,-0.00728707
LWK,57,0,-0.114864,0.0246407,0.000583881,-0.00544603
LWK,58,0,-0.115296,0.0222186,0.00115119,-0.00756079
LWK,59,0,-0.11666,0.0249581,-7.45893e-05,-0.0105684
LWK,60,0,-0.112385,0.0224288,0.000440415,-0.0045256
LWK,61,0,-0.11393,0.0221601,0.00193106,-0.00109116
LWK,62,0,-0.111712,0.0205081,0.00231781,-0.00208849
LWK,63,0,-0.116638,0.0237315,0.000992833,-0.00673133
LWK,64,0,-0.113882,0.0223493,-1.03826e-05,-0.00674746
LWK,65,0,-0.113729,0.0244203,0.00034879,-0.000810376
LWK,66,0,-0.113913,0.0237696,0.00140343,-0.000591274
LWK,67,0,-0.111979,0.022598,0.00119012,-0.0021931
LWK,68,0,-0.117832,0.0239627,-1.00824e-05,-0.0101485
LWK,69,0,-0.112668,0.0205284,0.001144,-0.000754843
LWK,70,0,-0.113197,0.0226235,-0.00140092,-0.00328629
LWK,71,0,-0.113289,0.0224743,-0.000512391,-0.000761386
LWK,72,0,-0.11405,0.0222548,3.56393e-05,-0.000817749
LWK,73,0,-0.110989,0.0202538,-0.0011022,0.00342379
LWK,74,0,-0.114464,0.0235014,0.000297025,-0.00342528
LWK,75,0,-0.118358,0.02326,0.00162995,-0.00571289
LWK,76,0,-0.115033,0.0235741,0.00087908,-0.00305826
LWK,77,0,-0.115481,0.024787,1.65292e-06,-0.00846611
LWK,78,0,-0.114312,0.0234449,0.000585273,-0.00516855
LWK,79,0,-0.114897,0.0247773,-0.000119161,-0.00440607
LWK,80,0,-0.112492,0.0214047,0.000421735,0.000139863
LWK,81,0,-0.115238,0.0228303,-2.85207e-05,-0.000520505
LWK,82,0,-0.115459,0.0227264,-6.47276e-05,-0.00521457
LWK,83,0,-0.114309,0.0218878,0.00111155,-0.00835272
LWK,84,0,-0.115141,0.0231061,-0.000607081,-0.00395678
LWK,85,0,-0.114957,0.023479,0.000133068,-0.00595156
LWK,86,0,-0.11525,0.0215446,0.000957524,-0.00531741
LWK,87,0,-0.115007,0.0235818,0.000944964,-0.00502097
LWK,88,0,-0.116026,0.0254907,0.00220956,-0.00662635
LWK,89,0,-0.114933,0.0227869,0.00237151,-0.00464458
LWK,90,0,-0.115818,0.022514,0.000832561,-0.00671108
MKK,1,0,-0.0872951,0.00295891,-0.00243684,0.0248475
MKK,2,0,-0.086432,0.00221472,-0.00472809,0.0360174
MKK,3,0,-0.0704827,-0.00553472,0.00255387,0.0405186
MKK,4,0,-0.078234,-0.00251162,-0.00285641,0.0492294
MKK,5,0,-0.0826541,0.00350867,-0.00395246,0.0389516
MKK,7,0,-0.0824524,0.00201538,-0.00261536,0.0381367
MKK,8,0,-0.0825432,3.75417e-05,-0.00241862,0.0518219
MKK,9,0,-0.0810759,-0.000557651,-0.00369551,0.0437763
MKK,10,0,-0.0849648,0.00166494,-0.00292043,0.0318483
MKK,13,0,-0.064076,-0.00787596,0.00220637,0.0384859
MKK,14,0,-0.0829983,0.00242322,-0.00228068,0.0356158
MKK,15,0,-0.0868271,0.00235599,-0.00085202,0.0326941
MKK,16,0,-0.0844066,0.000711245,-0.0029495,0.0433473
MKK,17,0,-0.08942,0.00345173,-0.00327065,0.030495
MKK,19,0,-0.0854925,0.00309529,-0.00111935,0.034232
MKK,20,0,-0.082043,0.00066942,-0.00472134,0.0514056
MKK,21,0,-0.0828431,-0.000644312,-0.00255946,0.0379979
MKK,22,0,-0.0793348,-0.000119348,-0.00489417,0.0382823
MKK,23,0,-0.0823411,-0.000379591,-0.00325748,0.0453104
MKK,24,0,-0.0818376,-6.6179e-05,-0.00476672,0.037842
MKK,25,0,-0.0802197,-0.00176749,-0.0034944,0.0409308
MKK,26,0,-0.0798482,-0.00336582,-0.00437229,0.0417898
MKK,27,0,-0.0863499,0.00449198,-0.00254894,0.0263342
MKK,28,0,-0.081545,-0.00195981,-0.00493566,0.0345884
MKK,29,0,-0.0810109,-0.00117747,-0.00348165,0.0386312
MKK,30,0,-0.0817009,-0.00014902,-0.00427426,0.0479361
MKK,31,0,-0.0811072,-0.000595444,-0.00322807,0.0488802
MKK,32,0,-0.081559,-0.000432224,-0.00457739,0.0482594
MKK,33,0,-0.0828969,0.00014629,-0.000884795,0.0363592
MKK,34,0,-0.0763087,-0.00121557,-0.00226615,0.0351891
MKK,35,0,-0.0813363,-0.00121771,-0.00293244,0.0419609
MKK,36,0,-0.0815527,-0.00215089,-0.00419524,0.0331141
MKK,37,0,-0.0833398,0.000707245,-0.00411247,0.0446828
MKK,39,0,-0.0839884,-0.000330051,-0.00105597,0.0384265
MKK,40,0,-0.0771705,-0.0027231,-0.00185332,0.0394859
MKK,42,0,-0.0842971,0.00257488,-0.00311579,0.0552211
MKK,43,0,-0.0796645,-0.00223704,-0.00461432,0.0421593
MKK,44,0,-0.0826463,-0.000292546,-0.00253702,0.033771
MKK,46,0,-0.0868633,0.00201597,-0.0049616,0.0428142
MKK,47,0,-0.0857985,0.00205997,-0.00310058,0.0431408
MKK,48,0,-0.0805967,1.77383e-05,-0.00307328,0.0351324
MKK,50,0,-0.0877718,0.00619615,-0.00160882,0.026457
MKK,52,0,-0.084727,0.00241563,-0.00182591,0.0344385
MKK,53,0,-0.0953707,0.00928941,-0.00157796,0.0112757
MKK,54,0,-0.07596,-0.00273146,-0.00648081,0.0391639
MKK,55,0,-0.0969247,0.00892058,-0.000257565,0.0124282
MKK,56,0,-0.092179,0.00660007,-0.00416947,0.0226765
MKK,57,0,-0.0776068,-0.0014827,-0.00109154,0.040548
MKK,58,0,-0.0901361,0.00557541,-0.00174896,0.0203835
MKK,59,0,-0.0808998,0.00045207,-0.004311,0.0424466
MKK,60,0,-0.0815002,-0.000657906,-0.00279182,0.0380745
MKK,61,0,-0.0931302,0.00813139,-0.00305289,0.0150225
MKK,62,0,-0.0811836,-0.00161452,-0.00654697,0.0611454
MKK,63,0,-0.0827126,0.000268008,-0.00502458,0.0500236
MKK,64,0,-0.0860923,0.00279489,-0.00421097,0.0405258
MKK,65,0,-0.079529,-0.0040536,-0.0054102,0.0474089
MKK,66,0,-0.0859483,0.00523926,-0.00141763,0.0317486
MKK,67,0,-0.0986319,0.0117761,-0.00181637,0.00791567
MKK,68,0,-0.0791602,-0.00255733,-0.000471375,0.0441905
MKK,69,0,-0.0965682,0.0108855,-0.00371951,0.0101723
MKK,70,0,-0.100399,0.0117547,-0.000574507,0.00698495
MKK,71,0,-0.0821068,-8.9882e-05,-0.00507547,0.0413128
MKK,72,0,-0.0837028,0.000930599,-0.00176816,0.0305703
MKK,73,0,-0.0831474,-0.000426554,-0.00377242,0.0314219
MKK,74,0,-0.0829866,0.000254267,-0.00315798,0.0402811
MKK,78,0,-0.0797331,0.000526876,-0.00278628,0.03592
MKK,79,0,-0.0823055,-0.000890154,-0.00109541,0.0356076
MKK,80,0,-0.08172,-0.00240156,-0.00452817,0.0488851
MKK,81,0,-0.0814576,-0.0020994,-0.00464466,0.0410595
MKK,82,0,-0.0787104,-0.00227581,-0.00263555,0.0358239
MKK,83,0,-0.0681458,-0.00848265,0.00308586,0.0314691
MKK,86,0,-0.0815068,-0.00217007,-0.0040943,0.0450925
MKK,87,0,-0.0821408,6.57181e-05,-0.00233437,0.0388912
MKK,88,0,-0.0828571,-0.00191362,-0.00270183,0.0399005
MKK,89,0,-0.083826,0.00020208,-0.00140481,0.0439252
MKK,90,0,-0.0821237,-0.000779781,-0.00614266,0.0597835
MKK,91,0,-0.0871926,0.00330753,-0.00433538,0.03559
MKK,92,0,-0.0822727,-0.00108403,-0.00531901,0.0487087
MKK,93,0,-0.0823728,0.00287092,-0.00292295,0.050706
MKK,94,0,-0.0806542,-0.00159281,-0.00306149,0.0389795
MKK,95,0,-0.0827042,-0.000247476,-0.00279326,0.0356117
MKK,96,0,-0.0841443,0.00106768,-0.00174777,0.0357553
MKK,97,0,-0.0842855,-0.000106064,-0.00491538,0.0563217
MKK,98,0,-0.0840521,0.00111239,-0.00495347,0.0627714
MKK,99,0,-0.0807106,-0.000544322,-0.00302081,0.0328683
MKK,100,0,-0.0814936,-0.00233183,-0.00399096,0.0469256
MKK,101,0,-0.0819608,-0.00149423,-0.00343734,0.0366414
MKK,102,0,-0.0830091,0.000220034,-0.00558291,0.0478331
MKK,103,0,-0.0829109,0.000103949,-0.00330125,0.0322188
MKK,104,0,-0.0900526,0.00590514,-0.00264601,0.0233168
MKK,105,0,-0.0811607,-0.00233333,-0.00239276,0.0478652
MKK,106,0,-0.0806862,-0.0010549,-0.00290503,0.03874
MKK,107,0,-0.0840087,0.000528744,-0.0037624,0.0352079
MKK,108,0,-0.0816362,-0.00149595,-0.00574264,0.0559734
MKK,109,0,-0.079718,-0.00147484,-0.00256439,0.035616
MKK,110,0,-0.0795765,-0.00198302,-0.00473293,0.0518465
MKK,112,0,-0.0852327,0.00104241,-0.00236669,0.0297777
MKK,113,0,-0.0753123,-0.00269919,-0.00118059,0.0365396
MKK,115,0,-0.0848209,0.00296419,-0.00309993,0.0297674
MKK,116,0,-0.0820852,0.00024032,-0.00130689,0.0335073
MKK,117,0,-0.080077,-0.00274015,-0.00500539,0.0475026
MKK,120,0,-0.0840188,0.00231911,-0.00281757,0.0424732
MKK,122,0,-0.082753,-1.21259e-05,-0.00523556,0.0447528
MKK,123,0,-0.0777655,-0.00055381,-0.0026308,0.0376364
MKK,124,0,-0.083068,-0.00226168,-0.00706862,0.057897
MKK,127,0,-0.0813876,-0.00106824,-0.0034227,0.0367976
MKK,128,0,-0.0699044,-0.00731308,0.000365864,0.0391671
MKK,130,0,-0.0787569,-0.000916299,-0.00322833,0.0521769
MKK,131,0,-0.0904515,0.00607321,-0.00104562,0.0252912
MKK,132,0,-0.0816716,-0.00270991,-0.00349018,0.0479428
MKK,133,0,-0.0803365,-6.39988e-05,-0.00284877,0.0358369
MKK,134,0,-0.0757242,-0.00212625,0.0016227,0.0436836
MKK,135,0,-0.0871424,0.00391168,-0.00398952,0.0320638
MKK,136,0,-0.0618226,-0.00817446,0.000712007,0.034711
MKK,137,0,-0.079512,-0.00154907,-0.00468689,0.0449964
MKK,138,0,-0.0855841,0.000687861,-0.00234181,0.0282589
MKK,139,0,-0.0947063,0.00810868,-0.00216932,0.0130293
MKK,140,0,-0.0819951,0.000807362,-0.0050191,0.0491856
MKK,141,0,-0.0840042,0.00203054,-0.0043071,0.0276578
MKK,142,0,-0.0832249,0.00069314,-0.00373966,0.0492528
MKK,144,0,-0.083482,0.000118249,-0.00430838,0.0346863
MKK,146,0,-0.0865529,0.00222724,-0.00508957,0.0361814
MKK,147,0,-0.0840755,0.00171008,-0.00295998,0.05945
MKK,148,0,-0.0833044,-0.000728972,-0.00256245,0.0402012
MKK,149,0,-0.0825192,-0.000471352,-0.00334073,0.0385105
MKK,151,0,-0.0840422,0.00156105,-0.00361483,0.0291604
MKK,153,0,-0.084112,0.00133231,-0.00422577,0.044977
MKK,155,0,-0.0855598,0.000883931,-0.00346863,0.0384133
MKK,156,0,-0.0834471,0.000886388,-0.00298376,0.0343856
MKK,158,0,-0.0878797,0.00181587,-0.00308554,0.0403024
MKK,159,0,-0.0897293,0.00477561,-0.00129649,0.026223
MKK,160,0,-0.0874711,0.0037295,-0.00279054,0.0319359
MKK,161,0,-0.0812973,-0.00176055,-0.00581218,0.0554177
MKK,162,0,-0.0846044,0.000363804,-0.00171159,0.035576
MKK,163,0,-0.0793206,-1.3339e-05,-0.00504683,0.0492802
MKK,164,0,-0.0718849,-0.00464617,0.00150174,0.0343064
MKK,165,0,-0.084976,0.00171002,-0.00374695,0.0439631
MKK,166,0,-0.0851383,0.000158826,-0.0062969,0.0529766
MKK,167,0,-0.0845257,0.000150993,-0.00291701,0.0442536
MKK,168,0,-0.0844537,-0.00121982,-0.0027645,0.0336678
MKK,169,0,-0.078167,-0.00126356,-0.0024357,0.0362169
MKK,170,0,-0.0947808,0.00662223,-0.00366176,0.014012
MKK,171,0,-0.0799507,-0.000878879,-0.00184519,0.0362793
